ID	Description	setSize	enrichmentScore	NES	pvalue	p.adjust	qvalues	rank	leading_edge	core_enrichment
hsa04950	Maturity onset diabetes of the young	23	-0.728917738580958	-2.09987110614038	0.00053475935828877	0.0805	0.0707894736842105	1495	tags=52%, list=9%, signal=48%	HHEX/SLC2A2/NR5A2/NEUROG3/HNF1B/FOXA2/PDX1/HNF1A/HNF4G/FOXA3/HNF4A
hsa04672	Intestinal immune network for IgA production	44	-0.624551411115893	-2.08682218866411	0.000637755102040816	0.0805	0.0707894736842105	2902	tags=55%, list=17%, signal=45%	IL4/MADCAM1/IL15RA/IL5/CXCR4/HLA-DPB1/HLA-DQA1/AICDA/TNFSF13B/HLA-DOB/TNFSF13/HLA-DRA/HLA-DOA/CCL28/HLA-DMA/HLA-DPA1/HLA-DRB1/HLA-DMB/TNFRSF13B/CCL25/HLA-DQB1/HLA-DRB5/PIGR
hsa05217	Basal cell carcinoma	61	0.583661918968535	1.76396741447573	0.000823949464432848	0.0805	0.0707894736842105	1751	tags=34%, list=10%, signal=31%	WNT7B/WNT10A/WNT4/WNT3A/GLI1/FZD10/WNT9A/SMO/WNT7A/FZD7/GLI2/TCF7L1/GLI3/KIF7/LEF1/WNT10B/WNT2B/PTCH1/PTCH2/WNT5A/WNT6
hsa05320	Autoimmune thyroid disease	38	-0.587543111700911	-1.89932407671772	0.0012202562538133	0.0805	0.0707894736842105	2926	tags=47%, list=18%, signal=39%	HLA-G/IL4/CTLA4/TSHB/IL5/HLA-DPB1/HLA-DQA1/HLA-DOB/HLA-DRA/HLA-DOA/HLA-DMA/HLA-DPA1/HLA-DRB1/HLA-DMB/CGA/HLA-DQB1/HLA-DRB5
hsa04940	Type I diabetes mellitus	41	-0.551695472616552	-1.81882806144386	0.00125	0.0805	0.0707894736842105	2012	tags=37%, list=12%, signal=32%	HLA-DQA1/HLA-DOB/HLA-DRA/HLA-DOA/PTPRN2/HLA-DMA/HLA-DPA1/HLA-DRB1/HLA-DMB/PTPRN/IL12A/ICA1/HLA-DQB1/HLA-DRB5
hsa04610	Complement and coagulation cascades	80	-0.453928169506861	-1.68980203517849	0.0016849199663016	0.0904240381915192	0.079516398409672	2454	tags=39%, list=15%, signal=33%	C5AR1/ITGAX/SERPINE1/F2R/F10/C6/ITGAM/VTN/PLAUR/CFHR1/C4B/F7/F2RL3/C4A/CFI/CFB/CD55/CR1/TFPI/F2RL2/C2/SERPINA5/F3/KLKB1/CR2/C7/C4BPA/SERPINA1/F5/C4BPB
hsa04915	Estrogen signaling pathway	126	0.47658254679949	1.58978830335164	0.00246913580246914	0.0974576271186441	0.0857015419905696	1965	tags=20%, list=12%, signal=18%	KRT13/KRT15/CALML3/KRT24/KRT16/KRT14/KRT17/KRT31/CALML5/POMC/CREB5/TGFA/KRT9/KRT23/ADCY1/PIK3R1/KCNJ6/GNAI1/CALML6/KRT34/AKT3/ADCY3/ADCY7/PIK3CD/EGFR
hsa04550	Signaling pathways regulating pluripotency of stem cells	136	0.463579543830728	1.55878710577199	0.00293326814959668	0.0974576271186441	0.0857015419905696	3314	tags=35%, list=20%, signal=28%	FGFR3/WNT7B/WNT10A/OTX1/WNT4/WNT3A/SOX2/DLX5/FZD10/DUSP9/WNT9A/WNT7A/FZD7/ID4/BMPR1B/WNT10B/PIK3R1/WNT2B/FGFR2/SMAD1/WNT5A/JARID2/AKT3/MEIS1/WNT6/PIK3CD/FZD9/DVL3/FGF2/IGF1R/ACVR1/MAPK12/MAPK11/HOXA1/SMAD5/SMARCAD1/SMAD3/SMAD2/PIK3R3/FZD6/FZD1/HOXD1/ACVR1C/NODAL/MAPK13/SMAD4/PIK3CA
hsa05330	Allograft rejection	35	-0.576648583910656	-1.82290233894144	0.00300480769230769	0.0974576271186441	0.0857015419905696	2874	tags=43%, list=17%, signal=36%	IL4/IL5/HLA-DPB1/HLA-DQA1/HLA-DOB/HLA-DRA/HLA-DOA/HLA-DMA/HLA-DPA1/HLA-DRB1/HLA-DMB/IL12A/HLA-DQB1/HLA-DRB5
hsa05310	Asthma	25	-0.625286516299356	-1.84271247980302	0.00327332242225859	0.0974576271186441	0.0857015419905696	2870	tags=68%, list=17%, signal=56%	IL13/IL4/IL5/HLA-DPB1/HLA-DQA1/FCER1A/HLA-DOB/HLA-DRA/HLA-DOA/MS4A2/HLA-DMA/HLA-DPA1/HLA-DRB1/HLA-DMB/HLA-DQB1/HLA-DRB5
hsa04115	p53 signaling pathway	70	0.536606304606214	1.65868038734899	0.00350121195798546	0.0974576271186441	0.0857015419905696	2647	tags=27%, list=16%, signal=23%	TP53AIP1/SFN/RPRM/TP73/SERPINB5/PERP/IGFBP3/SESN3/RRM2/CCNB1/PMAIP1/GTSE1/CCND1/BCL2/STEAP3/CCNB2/CCNE2/DDB2/TSC2
hsa04975	Fat digestion and absorption	34	-0.581958765635017	-1.82571367956243	0.0036319612590799	0.0974576271186441	0.0857015419905696	1661	tags=53%, list=10%, signal=48%	ACAT1/AGPAT2/PNLIP/PLA2G12B/APOA4/APOA1/MTTP/PLA2G2D/MOGAT2/NPC1L1/DGAT2/PLA2G2C/PLA2G2A/PLA2G10/CLPS/PNLIPRP1/FABP1
hsa05323	Rheumatoid arthritis	87	-0.41420770235608	-1.56358345360115	0.0043630017452007	0.108068197073433	0.0950321837618614	2526	tags=30%, list=15%, signal=25%	CTSK/ATP6V0D2/CTSL/HLA-DPB1/HLA-DQA1/TNFSF13B/TLR4/HLA-DOB/TNFSF13/HLA-DRA/HLA-DOA/TNFSF11/HLA-DMA/HLA-DPA1/HLA-DRB1/HLA-DMB/ATP6V1C2/CXCL5/LTB/CXCL2/TNFRSF11A/HLA-DQB1/IL18/CXCL3/HLA-DRB5
hsa04640	Hematopoietic cell lineage	92	-0.402314227025665	-1.53822538330848	0.00538599640933573	0.120870870870871	0.106290501027343	2671	tags=39%, list=16%, signal=33%	ITGA5/KIT/CD1D/CD5/CD37/CD22/IL7R/ITGB3/IL2RA/IL5/EPOR/CD8B/HLA-DPB1/HLA-DQA1/FLT3/CD19/ITGAM/ITGA1/HLA-DOB/CSF2RA/HLA-DRA/HLA-DOA/FCER2/MME/HLA-DMA/HLA-DPA1/HLA-DRB1/HLA-DMB/ANPEP/CD55/CR1/CR2/MS4A1/HLA-DQB1/HLA-DRB5
hsa00980	Metabolism of xenobiotics by cytochrome P450	63	0.532329215136257	1.61701414562155	0.0057628979143798	0.120870870870871	0.106290501027343	1815	tags=38%, list=11%, signal=34%	ADH7/UGT1A7/ALDH3B2/ALDH3A1/UGT1A6/ADH1A/UGT1A4/GSTM2/UGT2A1/UGT2B17/UGT1A10/CBR3/GSTA1/CBR1/ADH5/UGT1A1/CYP1A1/GSTP1/GSTM3/AKR1C1/CYP2F1/EPHX1/GSTA4/GSTM4
hsa04612	Antigen processing and presentation	67	-0.456867364633023	-1.65477843517791	0.00606520090978014	0.120870870870871	0.106290501027343	2214	tags=27%, list=13%, signal=23%	CTSL/CD8B/HLA-DPB1/HLA-DQA1/LGMN/HLA-DOB/CD74/HLA-DRA/HLA-DOA/IFI30/HLA-DMA/HLA-DPA1/HLA-DRB1/HLA-DMB/CTSS/HLA-DQB1/HLA-DRB5
hsa04260	Cardiac muscle contraction	77	-0.433294066375556	-1.60927139852101	0.00641539695268645	0.120870870870871	0.106290501027343	2858	tags=23%, list=17%, signal=19%	ATP1B1/COX7A1/TPM2/SLC8A3/ATP1A4/MYL4/CACNA2D4/CASQ2/TPM3/CACNG8/SLC9A7/ATP2A3/TNNC1/FXYD2/TPM1/MYL2/ACTC1
hsa04390	Hippo signaling pathway	152	0.440794934339932	1.50110528892459	0.00675675675675676	0.120870870870871	0.106290501027343	2284	tags=26%, list=14%, signal=22%	WNT7B/WNT10A/WNT4/WNT3A/TP73/SOX2/BMP7/PPP2R2C/FZD10/WNT9A/CDH1/WNT7A/FZD7/GLI2/PARD6G/BIRC5/FRMD6/AJUBA/TEAD2/PPP2R2B/SNAI2/TCF7L1/BMPR1B/LEF1/WNT10B/WNT2B/ACTG1/SMAD1/WNT5A/WNT6/CCND1/WWTR1/FGF1/DLG1/LLGL1/FZD9/NKD2/DVL3/PPP1CB
hsa04978	Mineral absorption	55	-0.452813343838911	-1.57749811499672	0.00899653979238754	0.142021826246944	0.124890066232193	2856	tags=33%, list=17%, signal=27%	ATP1B1/ATP2B1/SLC8A3/ATP1A4/STEAP2/SLC39A4/MT1M/HMOX1/MT1G/ATP7B/SLC40A1/MT1H/FXYD2/HEPH/SLC5A1/SLC26A3/MT1A
hsa00910	Nitrogen metabolism	17	-0.635596833297548	-1.69797326668388	0.00912778904665314	0.142021826246944	0.124890066232193	1868	tags=53%, list=11%, signal=47%	CA14/CPS1/CA3/CA13/CA2/CA4/CA1/CA8
hsa05150	Staphylococcus aureus infection	81	0.488160580072369	1.54664822813661	0.00942161737764983	0.142021826246944	0.124890066232193	835	tags=17%, list=5%, signal=16%	KRT13/KRT15/KRT24/KRT16/KRT14/KRT17/DEFB1/KRT31/DEFB4A/CAMP/DSG1/DEFB103A/KRT9/KRT23
hsa00982	Drug metabolism - cytochrome P450	58	0.524282272541032	1.57337239554635	0.00970335458830053	0.142021826246944	0.124890066232193	1385	tags=31%, list=8%, signal=29%	ADH7/UGT1A7/ALDH3B2/ALDH3A1/UGT1A6/ADH1A/UGT1A4/GSTM2/FMO1/UGT2A1/UGT2B17/UGT1A10/FMO4/GSTA1/ADH5/UGT1A1/GSTP1/GSTM3
hsa00830	Retinol metabolism	53	0.538298527395758	1.59333186124827	0.0104196001126443	0.143192108667529	0.125919180227412	1372	tags=30%, list=8%, signal=28%	ADH7/UGT1A7/UGT1A6/ADH1A/UGT1A4/DHRS9/UGT2A1/UGT2B17/UGT1A10/CYP27C1/LRAT/ADH5/UGT1A1/CYP1A1/CYP26A1/HSD17B6
hsa00100	Steroid biosynthesis	20	0.674097411864534	1.65972438240796	0.0106727037516171	0.143192108667529	0.125919180227412	2580	tags=55%, list=15%, signal=47%	DHCR24/CYP24A1/DHCR7/MSMO1/CEL/SQLE/TM7SF2/FDFT1/NSDHL/LSS/HSD17B7
hsa03320	PPAR signaling pathway	73	-0.414305828082782	-1.5243826707875	0.0116369278510473	0.146098003629764	0.128474543891489	1607	tags=27%, list=10%, signal=25%	CYP7A1/APOA2/ACOX2/PPARG/NR1H3/APOA1/CYP27A1/OLR1/ILK/PLIN2/ME3/ACSL5/LPL/AQP7/HMGCS2/APOC3/FABP3/PCK1/FABP1
hsa04972	Pancreatic secretion	97	-0.375721269184619	-1.45202940198729	0.0117967332123412	0.146098003629764	0.128474543891489	1793	tags=31%, list=11%, signal=28%	CPB1/PNLIP/RAP1A/PLA2G12B/ITPR2/KCNQ1/PLCB4/SLC12A2/PLA2G2D/PRKCA/BST1/CLCA1/CELA3A/PLA2G2C/CELA3B/SLC4A4/AMY2A/ATP2A3/PRSS1/CA2/PRKCG/FXYD2/CFTR/CCK/PLA2G2A/PLA2G10/PNLIPRP1/SLC26A3/PRSS3
hsa05322	Systemic lupus erythematosus	122	-0.354205417966082	-1.41286735022936	0.0123076923076923	0.146780626780627	0.129074823811666	2256	tags=23%, list=14%, signal=20%	H2AFB1/HIST1H4A/HLA-DPB1/HLA-DQA1/C6/FCGR3B/HLA-DOB/HLA-DRA/HLA-DOA/C4B/HIST1H2AD/HLA-DMA/HIST3H2A/HLA-DPA1/C4A/HIST1H3G/HLA-DRB1/HLA-DMB/HIST1H3C/HIST3H2BB/ELANE/C2/HIST1H4K/C7/HLA-DQB1/HIST2H4B/HLA-DRB5
hsa00040	Pentose and glucuronate interconversions	26	0.626437571622923	1.63335614059338	0.0131992457573853	0.148449172294269	0.130542096590907	1156	tags=31%, list=7%, signal=29%	UGT1A7/AKR1B10/UGT1A6/UGT1A4/UGT2A1/UGT2B17/UGT1A10/UGT1A1
hsa04110	Cell cycle	124	0.444805684898516	1.48159229950028	0.0133696459519683	0.148449172294269	0.130542096590907	3599	tags=32%, list=22%, signal=25%	SFN/E2F2/PKMYT1/CCNA1/ESPL1/MCM2/CDC45/MCM4/ORC6/BUB1/CDC20/CCNB1/CDC7/ORC1/CCND1/CCNA2/SKP2/PLK1/CDC25A/MCM5/CDKN2B/RBL2/CCNB2/PTTG1/CCNE2/CDKN2C/SMC1B/SMAD3/SMAD2/TFDP2/MCM6/MAD2L1/CUL1/CREBBP/RBL1/SMAD4/TFDP1/WEE1/ANAPC7/ATR
hsa04744	Phototransduction	24	0.635318663474417	1.62355390318219	0.014367816091954	0.151617033579778	0.133327826194705	1888	tags=38%, list=11%, signal=33%	CALML3/CALML5/CNGB1/GUCY2D/CNGA1/CALML6/RCVRN/PDE6B/GNGT1
hsa04916	Melanogenesis	98	0.460627123419945	1.49139424965473	0.0145966709346991	0.151617033579778	0.133327826194705	1751	tags=22%, list=10%, signal=20%	CALML3/WNT7B/WNT10A/WNT4/WNT3A/CALML5/FZD10/WNT9A/WNT7A/POMC/FZD7/ADCY1/TCF7L1/LEF1/WNT10B/WNT2B/GNAI1/CALML6/WNT5A/ADCY3/ADCY7/WNT6
hsa05224	Breast cancer	140	0.429546033641079	1.45053346756337	0.0158497927334796	0.159488539380639	0.140249810700856	2975	tags=30%, list=18%, signal=25%	WNT7B/WNT10A/WNT4/WNT3A/E2F2/FZD10/WNT9A/HES5/WNT7A/FGF19/FZD7/JAG2/NOTCH3/HEY1/TCF7L1/LEF1/WNT10B/PIK3R1/WNT2B/DLL1/WNT5A/AKT3/JAG1/WNT6/FGF3/CCND1/PIK3CD/CSNK1A1/FGF1/EGFR/FZD9/DVL3/BRCA2/FGF2/IGF1R/SOS1/DDB2/PIK3R3/FZD6/NOTCH1/BRCA1/FZD1
hsa05418	Fluid shear stress and atherosclerosis	136	0.430968928131042	1.44913384789977	0.0168662918601809	0.164574120575098	0.144721930155938	2563	tags=27%, list=15%, signal=23%	CALML3/SDC1/NPPC/TRPV4/CALML5/IL1A/GSTM2/IL1R2/MAPK10/NFE2L2/GPC1/GSTA1/CCL2/BMPR1B/ITGA2B/GSTP1/PIK3R1/THBD/GSTM3/PLAT/CAV1/ACTG1/CALML6/AKT3/SELE/GSTA4/GSTM4/PIK3CD/TNF/BCL2/CAV2/PDGFA/ACVR1/MAPK12/MAPK11/VEGFA/GSTT2B
hsa05204	Chemical carcinogenesis	68	0.491001690316955	1.51102903128162	0.0181081081081081	0.171494435612083	0.15080746381056	1815	tags=34%, list=11%, signal=30%	ADH7/UGT1A7/ALDH3B2/ALDH3A1/UGT1A6/ADH1A/UGT1A4/GSTM2/UGT2A1/UGT2B17/AKR1C2/UGT1A10/GSTA1/CBR1/ADH5/UGT1A1/CYP1A1/GSTP1/GSTM3/PTGS2/EPHX1/GSTA4/GSTM4
hsa04061	Viral protein interaction with cytokine and cytokine receptor	98	-0.363535943111587	-1.40867484335811	0.0191431175934366	0.176116681859617	0.154872139327352	3536	tags=46%, list=21%, signal=36%	CCR3/IL37/CCL1/XCR1/CXCL11/CCL21/CCL13/ACKR4/CCR9/IL18R1/IL18RAP/TNFRSF10D/IL2RA/IL20RA/CCL24/CCR7/CCL22/TNFRSF10C/CXCR4/CCR2/CCL16/CCL4L2/TNFRSF14/IL22RA1/CCL7/CXCR3/CCL14/CCL27/CCR4/TNFRSF1B/CCL28/CXCR1/CXCL5/CCL25/CXCL2/IL2RG/PF4/IL18/CCR6/CXCL3/CXCR5/CCL23/CCL15/CCL18
hsa04722	Neurotrophin signaling pathway	118	0.43541845194873	1.44328345755286	0.0204132437142146	0.182585124332697	0.160560308746308	3897	tags=34%, list=23%, signal=26%	CALML3/NTF4/CALML5/TP73/NTRK2/NGFR/MAPK10/RPS6KA5/PIK3R1/RPS6KA6/CALML6/AKT3/MATK/PIK3CD/MAP3K1/BCL2/MAPK12/MAPK11/SOS1/CAMK4/PLCG2/NFKBIA/NTRK3/CRKL/PIK3R3/CAMK2B/KIDINS220/MAPK13/BDNF/PIK3CA/RAC1/HRAS/BRAF/FRS2/NFKB1/GSK3B/JUN/GAB1/SH2B1/NTRK1
hsa04750	Inflammatory mediator regulation of TRP channels	97	0.449153838883966	1.45147317794628	0.0212820512820513	0.185211365211365	0.162869752343437	2852	tags=30%, list=17%, signal=25%	CALML3/PLA2G4E/P2RY2/TRPV4/CALML5/ALOX12/MAPK10/PLA2G4B/IL1RAP/ADCY1/BDKRB1/JMJD7-PLA2G4B/PIK3R1/PRKCH/TRPV3/CALML6/ADCY3/ADCY7/PIK3CD/PRKCQ/BDKRB2/PPP1CB/MAPK12/MAPK11/ADCY5/PLCG2/PLA2G4A/PIK3R3/CAMK2B
hsa05145	Toxoplasmosis	110	-0.345702462200222	-1.35966047516108	0.0256663376110563	0.214991864444819	0.189057899756967	2769	tags=25%, list=17%, signal=21%	PIK3CG/JAK2/LAMB1/PIK3R5/CIITA/HLA-DPB1/MAP2K6/HLA-DQA1/BCL2L1/TLR4/HLA-DOB/LAMA4/LAMB4/HLA-DRA/HLA-DOA/HLA-DMA/HLA-DPA1/HLA-DRB1/HLA-DMB/ITGB1/ALOX5/IL12A/BIRC3/HLA-DQB1/HLA-DRB5/BIRC7
hsa05165	Human papillomavirus infection	309	0.361318105923941	1.31178203657181	0.0260393873085339	0.214991864444819	0.189057899756967	3057	tags=24%, list=18%, signal=20%	HES2/WNT7B/WNT10A/WNT4/WNT3A/COL4A6/PPP2R2C/SLC9A3R1/FZD10/COL4A5/WNT9A/HES5/WNT7A/FZD7/CREB5/LAMA1/CCNA1/PARD6G/NOTCH3/IKBKE/HEY1/PPP2R2B/TNC/TCF7L1/ATP6V1B1/ITGA2B/PPP2R3A/WNT10B/PIK3R1/WNT2B/LAMB3/HES7/PTGS2/ITGA2/WNT5A/AKT3/ITGB8/JAG1/ITGB7/WNT6/COL9A2/CCND1/PIK3CD/CCNA2/CSNK1A1/TNF/DLG1/EGFR/LLGL1/COL4A2/FADD/FZD9/DVL3/ATP6V1E2/RBL2/TUBG2/SOS1/ITGA9/CCNE2/VEGFA/TSC2/MX1/TICAM1/PIK3R3/FZD6/PARD3/MAML1/NOTCH1/COL9A3/FZD1/PPP2R3B/CREBBP/RBL1
hsa05140	Leishmaniasis	73	-0.383747711604308	-1.41194818385968	0.0271528316524438	0.216010733452594	0.189953864984465	2012	tags=30%, list=12%, signal=27%	IL4/CYBA/HLA-DPB1/HLA-DQA1/MARCKSL1/ITGAM/FCGR3B/TLR4/HLA-DOB/CYBB/HLA-DRA/HLA-DOA/HLA-DMA/HLA-DPA1/HLA-DRB1/HLA-DMB/ITGB1/CR1/IL12A/HLA-DQB1/HLA-DRB5
hsa00120	Primary bile acid biosynthesis	17	-0.589067783976401	-1.57367264444567	0.0278904665314402	0.216010733452594	0.189953864984465	3475	tags=53%, list=21%, signal=42%	SCP2/CH25H/AMACR/CYP7A1/ACOX2/BAAT/CYP27A1/AKR1C4
hsa04340	Hedgehog signaling pathway	44	0.526036173704061	1.50698757858021	0.028246942341293	0.216010733452594	0.189953864984465	2115	tags=34%, list=13%, signal=30%	GLI1/SMO/EVC2/GLI2/GPR161/GLI3/KIF7/EVC/PTCH1/PTCH2/MEGF8/BOC/CCND1/CSNK1A1/BCL2
hsa00760	Nicotinate and nicotinamide metabolism	33	-0.491430451623537	-1.53500856986516	0.0288461538461538	0.216010733452594	0.189953864984465	1183	tags=27%, list=7%, signal=25%	NNMT/BST1/SIRT4/ENPP3/PNP/NT5E/QPRT/ENPP1
hsa00730	Thiamine metabolism	13	-0.634448453942367	-1.5719110469359	0.0303907380607815	0.222404946717537	0.195576759290675	1596	tags=31%, list=10%, signal=28%	AK7/AK1/ALPP
hsa04964	Proximal tubule bicarbonate reclamation	21	-0.551310817053235	-1.54255350166608	0.0324123273113709	0.231928208761365	0.203951252555761	473	tags=33%, list=3%, signal=32%	ATP1A4/SLC4A4/CA2/CA4/FXYD2/PCK1
hsa04614	Renin-angiotensin system	21	-0.54767338142436	-1.53237605023061	0.0345377258235919	0.237430137747523	0.208789496744308	4043	tags=57%, list=24%, signal=43%	MRGPRD/PREP/AGTR1/CPA3/KLK2/CTSA/MME/ANPEP/ACE/KLK1/AGT
hsa00511	Other glycan degradation	16	-0.588623310332042	-1.55291764849067	0.0346559517830236	0.237430137747523	0.208789496744308	3688	tags=62%, list=22%, signal=49%	GLB1/GBA/MANBA/HEXA/HEXB/GBA2/NEU4/FUCA1/FUCA2
hsa03010	Ribosome	133	-0.3182487562292	-1.28753071365298	0.0365984930032293	0.24551489056333	0.215899004777822	6941	tags=55%, list=42%, signal=32%	MRPL24/RPL10/RPL18A/RPS11/RPL4/RPL38/RPL29/RPS18/UBA52/RPL34/MRPL18/MRPL23/MRPS11/RPL37A/RPS19/RPL17-C18orf32/MRPL32/MRPS21/RPL35/RPS14/RPL21/RPL19/RPLP0/RPL5/MRPS2/MRPL20/MRPL22/RPL23A/RPL7/RPS27/RPL8/RPL30/RPL32/RPL12/RPS4X/RPS20/RPL14/RPL9/MRPL16/MRPS17/RPS28/RPL23/RPL41/RPS13/RPL6/RPL11/RPL22/MRPL34/RPS17/RPL27A/RPS29/MRPS16/RPL36AL/RPS12/MRPL9/RSL24D1/RPS21/RPS3/RPS25/MRPL27/RPLP2/RPL39/RPS24/RPL36A/RPS6/MRPL13/RPL10L/MRPL33/MRPL17/MRPL30/RPS4Y1/RPS27L
hsa04912	GnRH signaling pathway	91	0.436978334364756	1.40338980979532	0.0375514403292181	0.246766607877719	0.216999730366481	4665	tags=44%, list=28%, signal=32%	CALML3/PLA2G4E/CALML5/GNRHR/MAPK10/PLA2G4B/ADCY1/JMJD7-PLA2G4B/PLD1/CALML6/EGR1/ADCY3/ADCY7/EGFR/MAP3K1/MAPK12/MAPK11/SOS1/PLD2/ADCY5/PLA2G4A/CAMK2B/HBEGF/GNRH2/MAPK13/HRAS/PLA2G4D/JUN/ADCY8/ITPR3/CAMK2A/ADCY9/PRKACA/CACNA1S/CAMK2D/ITPR1/MAP3K4/MAP3K2/MAP2K4/SOS2
hsa04062	Chemokine signaling pathway	186	-0.286540083370495	-1.21793143588374	0.0428954423592493	0.276246648793566	0.242923663045012	3902	tags=36%, list=23%, signal=28%	SRC/SHC4/ADCY4/PPBP/CXCL12/JAK3/LYN/DOCK2/CCR8/CCR3/VAV2/ROCK2/CCL1/PRKCB/XCR1/CXCL11/ITK/CCL21/CXCL16/ADCY6/GNG5/CCL13/CCR9/PRKACB/CHUK/PIK3CG/JAK2/ARRB2/PIK3R5/PLCB2/GNG10/GNG11/CCL24/CCR7/CCL22/CXCR4/CCR2/CCL16/RASGRP2/CCL4L2/SHC3/CCL7/CXCR3/CCL14/CCL27/RAP1A/CCR4/PIK3R2/PXN/GRK5/PLCB4/GNG2/CCL28/CXCR1/CXCL5/CCL25/CXCL2/ARRB1/PF4/CCR6/CXCL3/CXCR5/CCL23/GNG8/CCL15/CCL18
hsa04146	Peroxisome	82	-0.355632206061649	-1.33075241481762	0.0452604611443211	0.285762127224929	0.251291311616561	2657	tags=27%, list=16%, signal=23%	PXMP4/ACSL4/EPHX2/PEX11A/ECI2/AMACR/HAO2/PEX7/PEX3/DDO/ACOX2/CRAT/ABCD1/HACL1/PECR/BAAT/CAT/FAR2/ACSL5/AGXT/PHYH
hsa00350	Tyrosine metabolism	34	0.537547803703881	1.4697404556251	0.0471641791044776	0.289308176100629	0.25440960892798	313	tags=12%, list=2%, signal=12%	ADH7/ALDH3B2/ALDH3A1/ADH1A
hsa00230	Purine metabolism	119	-0.318957540099069	-1.27042490237413	0.0476190476190476	0.289308176100629	0.25440960892798	3858	tags=31%, list=23%, signal=24%	ADCY4/PDE11A/PDE5A/AK9/ALLC/HDDC3/ENTPD2/PDE2A/ADCY6/AMPD1/NME1/PRPS1/FHIT/NT5C3A/PDE1A/CANT1/PAPSS2/NME7/PDE1C/AK7/PDE4A/AK1/PDE3B/ENPP3/PDE8A/GDA/PNP/PDE6G/NT5E/PDE4C/PDE3A/NPR2/GMPR/ENTPD8/ENPP4/ENPP1
hsa04114	Oocyte meiosis	118	0.405342458808605	1.34359043082343	0.0510331092855365	0.302454082420127	0.265969755380889	5036	tags=42%, list=30%, signal=30%	CALML3/CALML5/PKMYT1/ESPL1/ADCY1/BUB1/RPS6KA6/CALML6/CDC20/CCNB1/ADCY3/FBXO43/ADCY7/SPDYE2B/SPDYE2/PLK1/PPP1CB/IGF1R/CCNB2/MAPK12/MAPK11/PTTG1/CCNE2/ADCY5/SMC1B/CAMK2B/MAD2L1/CUL1/MAPK13/PPP2R5D/SPDYC/ANAPC7/FBXW11/ADCY8/STAG3/ITPR3/CAMK2A/ADCY9/PRKACA/ANAPC1/CAMK2D/ITPR1/YWHAQ/PLCZ1/PPP2CA/CDC23/SPDYE1/YWHAG/SPDYE4/SKP1
hsa04150	mTOR signaling pathway	149	0.389286429015473	1.32237493374736	0.0516614115934999	0.302454082420127	0.265969755380889	2828	tags=23%, list=17%, signal=19%	WNT7B/WNT10A/WNT4/WNT3A/SLC7A5/FZD10/WNT9A/WNT7A/FZD7/SGK1/RNF152/ATP6V1B1/WNT10B/PIK3R1/WNT2B/RPS6KA6/WNT5A/AKT3/WNT6/PIK3CD/TNF/ULK2/SKP2/FZD9/DVL3/ATP6V1E2/IGF1R/SOS1/ULK1/SLC3A2/RPTOR/TSC2/PIK3R3/FZD6
hsa04142	Lysosome	127	-0.311072857201898	-1.24805455109201	0.0588865096359743	0.338597430406852	0.297753216016487	3973	tags=34%, list=24%, signal=26%	CTNS/DNASE2B/NEU1/SUMF1/CD68/AP4B1/ACP2/NPC2/PSAP/CLN5/CTSD/GLB1/LIPA/GBA/GLA/CLTA/SORT1/SMPD1/MANBA/CTSK/CD164/ATP6V0D2/CTSL/HEXA/LAPTM5/TPP1/CTSW/CTSH/CTSA/HEXB/CTSV/LGMN/SLC17A5/CD63/FUCA1/GNS/AP1M2/CTSS/FUCA2/GALC/CTSZ/CTSE
hsa00140	Steroid hormone biosynthesis	51	0.473764644228243	1.39247560305292	0.0645069622051719	0.360663082437276	0.317157140162234	1507	tags=31%, list=9%, signal=29%	UGT1A7/SULT1E1/UGT1A6/SULT2B1/UGT1A4/SRD5A1/UGT2A1/UGT2B17/AKR1C2/UGT1A10/HSD17B1/UGT1A1/CYP1A1/HSD17B3/HSD17B6/AKR1C1
hsa04929	GnRH secretion	62	-0.37440953203795	-1.33530829723511	0.0666666666666667	0.360663082437276	0.317157140162234	2254	tags=24%, list=14%, signal=21%	KCNJ11/TRPC1/KCNN2/PIK3R2/SPP1/ITPR2/PLCB4/KCNN4/PRKCA/ARRB1/CGA/KISS1/PRKCG/KCNJ3
hsa05225	Hepatocellular carcinoma	163	0.373527320716035	1.28023412985535	0.067001675041876	0.360663082437276	0.317157140162234	2828	tags=26%, list=17%, signal=22%	WNT7B/WNT10A/WNT4/WNT3A/E2F2/FZD10/GSTM2/WNT9A/WNT7A/FZD7/TGFA/NFE2L2/DPF1/TCF7L1/SMARCD3/GSTA1/LEF1/WNT10B/GSTP1/PIK3R1/WNT2B/GSTM3/ACTG1/WNT5A/AKT3/GSTA4/WNT6/GSTM4/CCND1/PIK3CD/CSNK1A1/EGFR/FZD9/DVL3/IGF1R/SOS1/GSTT2B/PLCG2/DDB2/SMAD3/SMAD2/PIK3R3/FZD6
hsa04961	Endocrine and other factor-regulated calcium reabsorption	50	-0.400118413025151	-1.36207530092536	0.0672043010752688	0.360663082437276	0.317157140162234	3417	tags=36%, list=20%, signal=29%	PRKCB/ADCY6/DNM3/PRKACB/ATP1B1/ATP2B1/CLTA/SLC8A3/PLCB2/ATP1A4/KLK2/PTH1R/PLCB4/PRKCA/KLK1/PRKCG/FXYD2
hsa05205	Proteoglycans in cancer	198	0.362447997640133	1.26814753265149	0.0715284249767008	0.376818968148977	0.331364179248365	2986	tags=28%, list=18%, signal=23%	WNT7B/SDC1/WNT10A/WNT4/WNT3A/VAV3/FZD10/WNT9A/TIAM1/SMO/WNT7A/FZD7/HOXD10/GPC1/FLNA/WNT10B/HPSE/PIK3R1/WNT2B/CAV1/PTCH1/ACTG1/ITGA2/WNT5A/TFAP4/AKT3/GPC3/WNT6/CCND1/PIK3CD/TNF/HPSE2/TWIST2/EGFR/CD44/FZD9/CAV2/PPP1CB/FGF2/IGF1R/MAPK12/MAPK11/SOS1/VEGFA/HSPG2/LUM/PLCG2/SMAD2/CTTN/HCLS1/PIK3R3/FZD6/CAMK2B/RDX/FZD1/HBEGF
hsa04934	Cushing syndrome	148	0.377984669675919	1.2837410556179	0.0725552050473186	0.376818968148977	0.331364179248365	2852	tags=25%, list=17%, signal=21%	WNT7B/WNT10A/WNT4/WNT3A/STAR/E2F2/FZD10/WNT9A/WNT7A/POMC/FZD7/CREB5/CRHR2/ADCY1/TCF7L1/LEF1/WNT10B/WNT2B/GNAI1/WNT5A/KCNK2/ADCY3/ADCY7/WNT6/CCND1/EGFR/FZD9/CACNA1I/DVL3/CDKN2B/RASD1/CCNE2/ADCY5/CDKN2C/NR5A1/FZD6/CAMK2B
hsa05416	Viral myocarditis	57	-0.377708875601747	-1.3236990535199	0.0746799431009957	0.380693227241166	0.334771095547151	2012	tags=25%, list=12%, signal=22%	HLA-DQA1/FYN/SGCD/HLA-DOB/HLA-DRA/HLA-DOA/HLA-DMA/HLA-DPA1/HLA-DRB1/HLA-DMB/CD55/HLA-DQB1/HLA-DRB5
hsa03060	Protein export	22	-0.493749162064858	-1.40572068823432	0.0759426447158789	0.380693227241166	0.334771095547151	5786	tags=68%, list=35%, signal=45%	SRP54/HSPA5/OXA1L/IMMP1L/SPCS2/SEC11A/SEC61G/SEC62/SEC61A2/SEC61B/SRP14/SPCS1/SEC63/SEC11C
hsa05226	Gastric cancer	141	0.379882936156485	1.28337029566581	0.0768480117101732	0.380693227241166	0.334771095547151	2828	tags=30%, list=17%, signal=25%	WNT7B/WNT10A/WNT4/WNT3A/E2F2/FZD10/WNT9A/CDH1/WNT7A/FGF19/FZD7/JUP/TCF7L1/LEF1/WNT10B/PIK3R1/WNT2B/FGFR2/WNT5A/AKT3/RXRA/WNT6/FGF3/CCND1/PIK3CD/CSNK1A1/FGF1/RARB/EGFR/RXRG/FZD9/BCL2/DVL3/FGF2/CDKN2B/SOS1/CCNE2/DDB2/SMAD3/SMAD2/PIK3R3/FZD6
hsa00380	Tryptophan metabolism	38	-0.422991075846356	-1.36738414354977	0.0787065283709579	0.383695683308986	0.337411372376977	3694	tags=42%, list=22%, signal=33%	ALDH2/TPH1/MAOB/ECHS1/ACAT2/IDO1/ACAT1/AADAT/DDC/ALDH8A1/KMO/HAAO/CAT/ALDH1B1/AOC1
hsa05340	Primary immunodeficiency	36	-0.428993943727201	-1.37140645630963	0.081437125748503	0.383695683308986	0.337411372376977	4886	tags=50%, list=29%, signal=35%	LCK/BTK/CD79A/PTPRC/JAK3/RAG2/CD4/DCLRE1C/IL7R/CIITA/CD8B/AICDA/CD19/AIRE/TNFRSF13B/IL2RG/BLNK
hsa05332	Graft-versus-host disease	37	-0.422357797659699	-1.36069333925481	0.0832834032354703	0.383695683308986	0.337411372376977	2012	tags=30%, list=12%, signal=26%	HLA-DQA1/HLA-DOB/HLA-DRA/HLA-DOA/HLA-DMA/HLA-DPA1/HLA-DRB1/HLA-DMB/HLA-DQB1/HLA-DRB5
hsa04360	Axon guidance	176	0.361816647778875	1.25169482191786	0.0883467550923733	0.383695683308986	0.337411372376977	2075	tags=23%, list=12%, signal=21%	WNT4/BMP7/SEMA3F/PAK6/SEMA4A/RGMA/SMO/EPHA6/SEMA3D/PARD6G/NTN3/EPHA1/PLXNB3/SEMA4C/LRRC4/EFNA3/LIMK2/EFNB3/SRGAP3/EPHB6/NTN1/EPHA7/EPHB1/BMPR1B/PLXNA1/PIK3R1/PDK1/GNAI1/PTCH1/EPHB3/WNT5A/UNC5B/DPYSL5/ROBO1/NCK1/ENAH/BOC/PIK3CD/SEMA6D/EFNA4/SLIT3
hsa00770	Pantothenate and CoA biosynthesis	20	-0.499128905537239	-1.38289649871212	0.0905759162303665	0.383695683308986	0.337411372376977	1956	tags=50%, list=12%, signal=44%	DPYD/ALDH2/PANK1/VNN2/VNN1/DPYS/ENPP3/ALDH1B1/ENPP1
hsa00500	Starch and sucrose metabolism	33	-0.434104387258258	-1.35594762688404	0.0907451923076923	0.383695683308986	0.337411372376977	1175	tags=24%, list=7%, signal=23%	TREH/ENPP3/GYG2/AMY2A/PGM2L1/HKDC1/ENPP1
hsa01522	Endocrine resistance	94	0.40036517117448	1.29099369947961	0.0911651728553137	0.383695683308986	0.337411372376977	4339	tags=40%, list=26%, signal=30%	E2F2/MAPK10/JAG2/NOTCH3/ADCY1/PIK3R1/DLL1/AKT3/JAG1/ADCY3/ADCY7/CCND1/PIK3CD/EGFR/BCL2/IGF1R/MAPK12/MAPK11/SOS1/ADCY5/CDKN2C/CYP2D6/PIK3R3/NOTCH1/HBEGF/GPER1/MAPK13/ESR1/PIK3CA/HRAS/BRAF/JUN/DLL3/ADCY8/ADCY9/PRKACA/AKT2/RB1
hsa04657	IL-17 signaling pathway	91	0.403237954431834	1.29502996297289	0.0920781893004115	0.383695683308986	0.337411372376977	2487	tags=20%, list=15%, signal=17%	S100A8/S100A7/S100A9/S100A7A/DEFB4A/MAPK10/IL17F/IKBKE/CCL2/CCL17/PTGS2/LCN2/TNF/FADD/CXCL1/MAPK12/MAPK11/FOSB
hsa05410	Hypertrophic cardiomyopathy	86	-0.331755934429435	-1.25214176631789	0.0921619293712317	0.383695683308986	0.337411372376977	2656	tags=23%, list=16%, signal=20%	TPM2/ITGA7/ITGB3/SLC8A3/CACNA2D4/IGF1/ITGA1/TPM3/CACNG8/SGCD/ITGB1/ACE/DES/ATP2A3/TNNC1/AGT/TPM1/MYL2/ACTC1
hsa00512	Mucin type O-glycan biosynthesis	29	-0.448784061132448	-1.3720952258122	0.094329028635598	0.383695683308986	0.337411372376977	1216	tags=31%, list=7%, signal=29%	GALNT7/GCNT1/GALNT10/GALNT4/GALNT6/POC1B-GALNT4/C1GALT1/GCNT3
hsa04977	Vitamin digestion and absorption	22	-0.476806953603757	-1.3574856434627	0.0945300053106745	0.383695683308986	0.337411372376977	2544	tags=50%, list=15%, signal=42%	SLC19A2/CUBN/BTD/LMBRD1/TCN2/RBP2/PNLIP/APOA4/APOA1/SLC19A3
hsa05321	Inflammatory bowel disease	61	-0.363510152400581	-1.291948660506	0.09478324761205	0.383695683308986	0.337411372376977	2870	tags=38%, list=17%, signal=31%	IL18R1/TBX21/IL4/IL18RAP/IL5/HLA-DPB1/FOXP3/HLA-DQA1/TLR4/HLA-DOB/HLA-DRA/HLA-DOA/HLA-DMA/HLA-DPA1/HLA-DRB1/HLA-DMB/IL12A/IL2RG/HLA-DQB1/IL18/RORC/HLA-DRB5
hsa00520	Amino sugar and nucleotide sugar metabolism	47	-0.38876677449783	-1.31397849352509	0.0948616600790514	0.383695683308986	0.337411372376977	3577	tags=38%, list=21%, signal=30%	GALT/GNPNAT1/GFPT1/RENBP/GCK/UAP1/HEXA/NANS/GNE/HEXB/TSTA3/PGM3/HK3/CHIT1/GALE/GMDS/HKDC1
hsa05033	Nicotine addiction	34	0.495689256294907	1.35529258677182	0.0949253731343284	0.383695683308986	0.337411372376977	1186	tags=24%, list=7%, signal=22%	GABRE/GABRA5/GABRQ/GABRG3/GABRR1/GABRA3/CACNA1B/GRIN3B
hsa03460	Fanconi anemia pathway	49	0.458119642752514	1.34204239028739	0.0962794660607782	0.383695683308986	0.337411372376977	4745	tags=49%, list=28%, signal=35%	RMI2/FANCE/BRIP1/FANCI/POLH/EME2/BRCA2/FANCA/REV1/FANCD2/BRCA1/TOP3A/TELO2/EME1/ATR/PMS2/FANCL/ERCC4/RAD51/RPA1/RMI1/SLX4/PALB2/FANCC
hsa04015	Rap1 signaling pathway	201	0.352222648518609	1.23455531479276	0.0965197215777262	0.383695683308986	0.337411372376977	2885	tags=25%, list=17%, signal=21%	CALML3/FGFR3/LPAR3/CALML5/P2RY1/VAV3/ADORA2B/TIAM1/CDH1/NGFR/FGF19/PARD6G/ADCY1/EFNA3/RASSF5/ANGPT1/ITGA2B/PIK3R1/FGFR2/CTNND1/GNAI1/PFN2/ACTG1/LPAR5/CALML6/AKT3/ADCY3/ADCY7/SIPA1L2/ENAH/FGF3/RGS14/PIK3CD/FGF1/EGFR/EFNA4/SIPA1L3/RALGDS/FGF2/IGF1R/PDGFA/MAPK12/MAPK11/VEGFA/ADCY5/EVL/RAPGEF3/CRKL/PIK3R3/RAPGEF5/PARD3
hsa04979	Cholesterol metabolism	47	-0.384738095301297	-1.30036210918157	0.0988142292490119	0.387588481338481	0.340834591304516	1626	tags=36%, list=10%, signal=33%	LIPA/SORT1/APOB/LIPG/APOH/CYP7A1/APOA2/APOE/APOA4/APOA1/LIPC/CYP27A1/APOC1/LPL/APOC2/APOC3
hsa04914	Progesterone-mediated oocyte maturation	91	0.399508009801822	1.28305095652519	0.100565843621399	0.387588481338481	0.340834591304516	4365	tags=41%, list=26%, signal=30%	PKMYT1/MAPK10/CCNA1/ADCY1/BUB1/PIK3R1/RPS6KA6/GNAI1/CCNB1/AKT3/ADCY3/ADCY7/SPDYE2B/SPDYE2/PIK3CD/CCNA2/PLK1/CDC25A/IGF1R/CCNB2/MAPK12/MAPK11/ADCY5/PIK3R3/MAD2L1/MAPK13/PIK3CA/SPDYC/ANAPC7/BRAF/KIF22/ADCY8/ADCY9/PRKACA/AKT2/ANAPC1/FZR1
hsa04310	Wnt signaling pathway	152	0.364474475431694	1.2411997510085	0.101110038610039	0.387588481338481	0.340834591304516	4151	tags=38%, list=25%, signal=28%	WNT7B/WNT10A/WNT4/WNT3A/FZD10/WNT9A/WNT7A/MAPK10/FZD7/VANGL2/PRICKLE1/SFRP1/NFATC1/TCF7L1/LEF1/WNT10B/WNT2B/SOST/WNT5A/DKK1/WNT6/CCND1/CSNK1A1/FZD9/NKD2/RSPO4/DVL3/PRICKLE3/CTNNBIP1/PRICKLE2/SMAD3/SFRP2/FZD6/CAMK2B/TBL1X/RYK/SFRP5/FZD1/CUL1/CREBBP/SMAD4/TBL1XR1/NFATC3/SENP2/RAC1/CSNK2A2/FBXW11/FRAT2/GSK3B/JUN/APC2/WNT16/LGR6/DKK2/CAMK2A/PRKACA/DVL2
hsa00053	Ascorbate and aldarate metabolism	21	0.551781710886237	1.37634190592474	0.104487179487179	0.395822021116139	0.348074938477415	1156	tags=38%, list=7%, signal=35%	UGT1A7/UGT1A6/UGT1A4/UGT2A1/UGT2B17/UGT1A10/ALDH7A1/UGT1A1
hsa04014	Ras signaling pathway	219	0.343518459247183	1.2142985678417	0.109864957656214	0.411354841456988	0.361734071107976	2509	tags=21%, list=15%, signal=18%	CALML3/FGFR3/NTF4/PLA2G3/PLA2G4E/CALML5/NTRK2/PAK6/TIAM1/NGFR/MAPK10/FGF19/RASGRP1/TGFA/PLA2G4B/EFNA3/RASSF5/ANGPT1/JMJD7-PLA2G4B/PLD1/REL/PIK3R1/FGFR2/GNG4/HTR7/KSR1/CALML6/AKT3/FGF3/GNB4/PIK3CD/GNGT1/FGF1/EGFR/EFNA4/ZAP70/ARF6/RALGDS/RGL1/FGF2/IGF1R/PDGFA/SOS1/RASAL1/VEGFA/PLD2
hsa04218	Cellular senescence	152	0.36149520619886	1.23105399738446	0.112210424710425	0.414525046866472	0.364521862069568	3319	tags=26%, list=20%, signal=21%	CALML3/TRPV4/CALML5/IL1A/E2F2/CCNA1/CAPN1/IGFBP3/NFATC1/FOXM1/RASSF5/PIK3R1/CALML6/CCNB1/AKT3/CCND1/PIK3CD/CCNA2/CDC25A/PPP1CB/CDKN2B/RBL2/CCNB2/MAPK12/MAPK11/CCNE2/TSC2/SMAD3/LIN54/SMAD2/PIK3R3/RBBP4/RBL1/SLC25A4/MAPK13/PIK3CA/NFATC3/KIR2DL4/ZFP36L1
hsa04727	GABAergic synapse	82	0.401864744066467	1.27488319377298	0.113286348211955	0.414525046866472	0.364521862069568	1888	tags=24%, list=11%, signal=22%	GABRE/GABRA5/SLC6A11/GABRQ/GABRG3/GABRR1/GABRA3/HAP1/ADCY1/CACNA1B/GLUL/GNG4/KCNJ6/GNAI1/ADCY3/ADCY7/GLS2/SLC38A2/GNB4/GNGT1
hsa04970	Salivary secretion	85	-0.324447363207656	-1.22105220220548	0.117798796216681	0.426193397547992	0.374782686957861	1217	tags=22%, list=7%, signal=21%	PLCB4/SLC12A2/CST4/KCNN4/PRKCA/CALML4/BST1/CST3/ADRB1/AMY2A/CST1/PRKCG/FXYD2/MUC5B/AQP5/CST2/LYZ/DMBT1
hsa05414	Dilated cardiomyopathy	90	-0.318023594393324	-1.21061298265386	0.11971197119712	0.428302830283028	0.376637663766377	3918	tags=36%, list=23%, signal=27%	ITGA4/ADCY4/ITGA11/ITGA10/TNNI3/SGCA/ADCY6/LAMA2/ITGA8/PRKACB/ITGA5/TPM2/ITGA7/ITGB3/SLC8A3/CACNA2D4/IGF1/ITGA1/TPM3/CACNG8/SGCD/ITGB1/PLN/ADRB1/DES/ATP2A3/TNNC1/AGT/TPM1/MYL2/ACTC1
hsa05146	Amoebiasis	98	0.386197430545026	1.25040970855114	0.126504481434059	0.444907282988444	0.391239160261169	2102	tags=19%, list=13%, signal=17%	SERPINB13/SERPINB3/SERPINB4/COL4A6/SERPINB10/GNA15/COL4A5/IL1R2/LAMA1/HSPB1/ADCY1/ARG1/PIK3R1/LAMB3/PIK3CD/TNF/COL4A2/CXCL1/IL10
hsa04971	Gastric acid secretion	74	0.405254468213886	1.26252458462511	0.127116366568127	0.444907282988444	0.391239160261169	1742	tags=19%, list=10%, signal=17%	CALML3/CALML5/MYLK/KCNJ15/GAST/ATP1B3/ADCY1/KCNK10/GNAI1/ACTG1/CALML6/KCNK2/ADCY3/ADCY7
hsa05206	MicroRNAs in cancer	160	0.353897741144132	1.21046273134548	0.130695443645084	0.452515407029215	0.397929534131608	3024	tags=28%, list=18%, signal=23%	TP63/FGFR3/WNT3A/SERPINB5/E2F2/FSCN1/CYP24A1/EZH2/NOTCH3/HOXD10/ABCC1/EFNA3/TNC/RPS6KA5/PIK3R1/HDAC4/PTGS2/SOCS1/SLC7A1/CDCA5/GLS2/CCND1/PIK3CD/EGFR/CD44/EFNA4/PIM1/DNMT3A/BCL2/CDC25A/SOX4/PDGFA/SOS1/CCNE2/VEGFA/BCL2L11/PLCG2/RPTOR/CRKL/PIK3R3/NOTCH1/RDX/BRCA1/CREBBP
hsa00360	Phenylalanine metabolism	16	0.569022850976907	1.33759149762835	0.132181999335769	0.452793657299123	0.398174219723649	73	tags=12%, list=0%, signal=12%	ALDH3B2/ALDH3A1
hsa04974	Protein digestion and absorption	97	-0.306821169291542	-1.18575496119844	0.137931034482759	0.464611391592901	0.408566408429194	2305	tags=30%, list=14%, signal=26%	COL8A1/COL3A1/CPA3/ATP1A4/COL19A1/COL5A2/COL6A3/COL20A1/CPB1/MEP1B/COL15A1/KCNQ1/COL9A1/MME/KCNN4/KCNK5/KCNE3/CELA3A/SLC16A10/MEP1A/SLC3A1/CELA3B/SLC7A7/PRSS1/XPNPEP2/FXYD2/DPP4/PRSS3
hsa00590	Arachidonic acid metabolism	56	0.426182262504458	1.27292647785746	0.139664804469274	0.464611391592901	0.408566408429194	1733	tags=21%, list=10%, signal=19%	PLA2G3/PLA2G4E/ALOX12B/CYP4F3/ALOX12/PLA2G4B/CBR3/ALOX15/CBR1/JMJD7-PLA2G4B/PTGS2/GPX3
hsa04330	Notch signaling pathway	53	0.431268885266092	1.27653043931568	0.13996057448606	0.464611391592901	0.408566408429194	3024	tags=25%, list=18%, signal=20%	HES5/JAG2/NOTCH3/HEY1/DTX2/NUMBL/DLL1/JAG1/ADAM17/DVL3/MAML1/NOTCH1/CREBBP
hsa04625	C-type lectin receptor signaling pathway	102	0.374720404163262	1.21910696384087	0.151044319918492	0.496288479732188	0.436422363674268	3315	tags=28%, list=20%, signal=23%	CALML3/CALML5/EGR3/MAPK10/IKBKE/NFATC1/PIK3R1/CCL17/KSR1/CLEC7A/CALML6/PTGS2/IL23A/AKT3/PIK3CD/TNF/CBLB/IL10/MAPK12/MAPK11/PLCG2/NFKBIA/EGR2/PIK3R3/CLEC1B/IL1B/MAPK13/PIK3CA/NFATC3
hsa00860	Porphyrin and chlorophyll metabolism	36	0.462012244504561	1.27070853228234	0.153661464585834	0.499787793905441	0.439499563780855	1156	tags=19%, list=7%, signal=18%	UGT1A7/UGT1A6/UGT1A4/UGT2A1/UGT2B17/UGT1A10/UGT1A1
