BRCA_LM_kegg.tsv:hsa04060	Cytokine-cytokine receptor interaction	262	0.293465472140513	1.51339205352055	0.00125786163522013	0.0213174445547832	0.0162372166762487	2435	tags=26%, list=15%, signal=23%	CCL3L3/LTB/CCL4L1/CCL18/CCL25/CXCL13/TNFRSF25/CXCR5/TNFRSF4/CXCL1/CCL7/TNFRSF13C/IL1R2/CCL3L1/IL12RB2/CXCL5/CCL17/TNFRSF6B/IL23A/CXCL10/TNFRSF18/INHA/IL20RB/CCL20/RELT/IL37/TNFRSF17/IL36G/IL36RN/LTA/IL17C/TNFRSF12A/GDF5/GH1/TNFSF9/IFNL1/IL11/TNF/CCR10/IL34/IL2RA/IL22RA1/CNTFR/CD70/CCL27/CCR3/CD27/CCL4L2/CXCR3/TNFRSF8/TNFRSF13B/EDAR/CCR7/BMP7/IL21R/IL12RB1/CCL8/OSM/CXCL11/GDF1/IL2RG/IL1RL2/CCL24/PPBP/IL27/IL32/CXCL9/CSF2/AMH
Breast_LM_kegg.tsv:hsa04060	Cytokine-cytokine receptor interaction	262	-0.264885991954454	-1.22985889741817	0.0460778935820077	0.329712927409033	0.297485348038225	2093	tags=22%, list=13%, signal=20%	IL2RB/TNFRSF21/CCL3/IL5/TNFRSF11B/CLCF1/CXCL10/CXCL9/BMP3/IL1RN/BMP8A/LTA/IL34/TNFRSF12A/CXCL2/CNTFR/CCL14/OSM/IL9R/IL6/XCL1/PRL/CCL7/IL32/INHBE/IL17C/TNFRSF6B/CCL22/IL20RA/CXCL11/CXCL14/CCL4L2/CTF1/TNFSF9/CXCR5/TNFRSF13C/CCL4/IL4/AMHR2/IL27/GDF1/CD70/GDF3/CCL25/CCL20/LTB/CCR10/CCL24/BMP7/IL10/IL17B/IFNG/CCL17/TNFRSF9/CCL18/CCL19/AMH
COAD_LM_kegg.tsv:hsa04060	Cytokine-cytokine receptor interaction	262	-0.468687698964799	-1.99109294927036	0.000359971202303816	0.00408888888888889	0.00304761904761905	2522	tags=37%, list=15%, signal=32%	IL3RA/IL1R1/BMP8B/CCL3L1/TGFB1/IL7R/AMH/TNFSF18/IL15RA/BMP2/BMPR1B/IL10/IL10RA/EDA/TNFSF4/TNFRSF8/IL21R/TGFB2/IL24/CSF2RB/OSMR/GDF6/LTA/IL9R/TNFRSF4/BMPR1A/IL31RA/IL2RA/CSF3R/IL1RAP/TNF/TNFSF9/IL2RB/CCL17/PRL/CXCR6/IL13RA2/CCL19/IL2RG/INHBA/IL17RB/CSF3/LTB/CXCR2/XCL1/LEP/IL12RB1/CSF1/IL1RN/IL34/TNFSF12/CCL23/CCL11/CCL26/TNFRSF9/CCL4L2/CCR5/FASLG/CD40/INHA/CXCL12/TNFSF10/TNFSF13B/TNFSF14/CXCR1/IL27/CCR1/TNFRSF18/IL27RA/OSM/IL6/CXCL6/XCL2/IL32/CXCL13/CCR2/IL1B/CSF2/TGFB3/CCL7/CCL4/CCL5/IFNG/CCL21/CXCL5/CCL2/CD70/CXCR3/CCL13/CCL18/CXCL11/CCL3/CCL8/CXCL9/CXCL10
Colon_LM_kegg.tsv:hsa04060	Cytokine-cytokine receptor interaction	262	0.513081762527899	1.84247832930658	0.000210349179638199	0.00867223269593321	0.00717252328235077	1599	tags=28%, list=10%, signal=26%	CCL3L3/CCL4L1/CCL4L2/CCL3L1/PF4V1/XCL2/CXCL10/CXCL11/TNFRSF13B/TNF/CCL13/CCL17/FASLG/XCR1/IL1B/CCL22/CCL25/ACKR4/TNFRSF17/CCL3/CXCL9/CCL8/GDF5/CSF2RB/CCL5/CCL15/CCR6/TNFRSF18/IL2RB/CD40LG/CCR4/CCR5/CXCR3/CCL24/BMP8A/IFNG/TNFRSF13C/CSF1R/CXCL6/BMP3/XCL1/GDF10/CX3CR1/CXCR6/IL12RB1/CCR9/IL21R/CD27/CCR2/IFNL1/CCL4/CCL19/CCL11/IL27/CCL28/IL12B/IL5/CD4/BMP6/IL16/IL23A/CCR3/TNFRSF4/LTB/CCL18/BMP4/CNTFR/IL18/TNFSF10/CCR10/CXCL1/IL22RA1/IL5RA
Esophagus_LM_kegg.tsv:hsa04060	Cytokine-cytokine receptor interaction	262	0.409154091877365	1.29035132484092	0.0206910405785456	0.221864951768489	0.200904189734787	2907	tags=31%, list=17%, signal=26%	CCL4L1/CCL4L2/CCL3L3/CCL15/CCL3L1/TNFRSF17/GDF5/XCL2/CCL28/CCL13/BMP3/CD40LG/TNFRSF13B/CXCL3/CCL5/CX3CR1/CXCR3/TNF/CXCL2/PPBP/PRLR/IL12RB1/CCR4/CXCL5/CX3CL1/CXCR4/CCR6/TNFRSF4/IL2/CD27/CSF1R/LTB/IL17F/IL23A/CXCR6/IL5/TNFRSF13C/GDF10/CCR9/CCR5/CNTFR/TNFRSF19/GDF15/CXCL17/CCL22/BMP8A/PF4/CCR2/TNFSF13/IL5RA/IL10RA/CCL11/XCR1/IL26/CCL3/ACKR4/MPL/PF4V1/IL36RN/TNFSF10/NGF/IL20RA/BMPR1B/GDF6/IL21R/TNFRSF10C/IL16/GDF9/CCL19/IL31RA/IL1A/CCR10/IL13/IL7R/IL2RB/IL36B/IL11RA/IL23R/IL36G/CSF2RB/CXCL13
GTEX_LM_kegg.tsv:hsa04060	Cytokine-cytokine receptor interaction	262	0.438583162868324	1.58669393915528	0.000206440957886045	0.0155180722891566	0.0142549143944198	2476	tags=29%, list=15%, signal=25%	CCL3L3/CCL4L1/CCL4L2/CCL3L1/TNFRSF17/CCL15/PF4V1/CCR6/XCL2/CCL13/CSF1R/CD40LG/CXCR3/CXCR6/XCR1/CX3CR1/CCL5/BMP3/ACKR4/BMP8A/CD27/GDF5/IL12RB1/PRLR/CCR5/CXCL10/TNF/IL5RA/CCL22/TNFRSF13B/CX3CL1/CCL8/CCL17/IL16/IL23A/CCR2/CXCL11/IL1B/CCR4/IL21R/CCL3/LTB/BMP5/TNFSF10/CCL28/CXCL14/GDF10/CD4/MPL/IL10RA/TNFRSF13C/IL2RG/CSF2RB/FASLG/CXCL5/CXCL9/IL18/CCR1/ACVR2A/CCL25/IFNL1/EDAR/IL7R/IL36RN/IL26/IL2/TNFSF13/IL5/CCR3/BMP6/CCL4/CSF2/CCR9/INHBC/IL22RA1/CXCL6/CXCR4
KICH_LM_kegg.tsv:hsa04060	Cytokine-cytokine receptor interaction	262	-0.522766930016483	-1.70781742362498	0.000200601805416249	0.00431681681681682	0.00354207591049696	3856	tags=48%, list=23%, signal=37%	GDF11/TNFRSF1B/CXCL16/IL12A/TNFSF9/CCL3/CSF1/IL12B/BMP5/CD40/CD40LG/CLCF1/CCR10/IFNG/CCL1/XCR1/CCR9/NGF/GDF1/CXCR4/CCR3/IL26/IL27RA/CXCL3/CCL15/CSF2/CCL24/IL13RA2/TNFRSF19/IL20RB/IL7R/TNFRSF11A/BMP6/CCR6/IFNLR1/CSF3R/IL18R1/BMP4/LTA/CD27/IL33/CCL11/IL21R/IL1RL1/OSMR/IL10/IL1B/TNFRSF8/CNTFR/IL12RB2/AMHR2/CCR2/THPO/CCL16/TNFRSF13B/CXCL10/LEP/TNFSF12/CCR7/CXCL2/IL3RA/IL27/TSLP/PPBP/AMH/IFNE/ACVRL1/IL15RA/BMP8B/CSF1R/CXCL13/INHBA/IL10RA/IL24/CD70/TGFB2/CCL26/OSM/CCL17/CXCL11/IL32/TNFSF8/TNFSF13B/CXCR6/GDF10/IL1R1/CSF2RB/FASLG/TNFSF10/CSF2RA/IL2RG/TGFB1/IL1R2/CX3CR1/TNFRSF25/CD4/CXCL9/IL16/TNFRSF18/IL2RB/CCL23/CCL13/CCL8/TNFSF14/IL12RB1/CCR5/CCL14/XCL1/IL20RA/LTB/IL17B/CCR1/IL34/TNFRSF14/CCL19/IL2RA/CCL3L3/CCL5/CCL18/CXCL12/XCL2/CXCR3/TNFRSF11B/CCL21
KIRC_LM_kegg.tsv:hsa04060	Cytokine-cytokine receptor interaction	262	-0.523225495390363	-2.30490540192091	0.000392003136025088	0.00328303425774878	0.00223233450673993	2446	tags=38%, list=15%, signal=33%	GDF3/TNFRSF21/PF4/TNFSF4/IL12RB2/LEPR/BMPR2/IL10RB/CNTF/IL15RA/NGFR/XCR1/IL12B/IL12RB1/CSF1/BMP8B/IL1RL2/CCR1/TNFRSF11B/IL1RAP/LTB/BMPR1A/CD4/OSMR/IL2RA/IL1RN/CD40/CXCR1/CCL26/TNFSF11/IL6ST/TNFRSF11A/CXCR6/TNFSF8/OSM/CCL3/BMP3/CXCR2/IL2RG/IL9R/EDA2R/BMP4/TNFSF10/IL7R/INHBB/IL18R1/CD40LG/CCR4/TNFSF14/CCL8/IL1B/TNFSF15/TNFSF18/CX3CR1/CXCL5/IL7/INHBE/IL33/IL21R/NGF/CCL15/ACKR3/CCL19/IL13RA2/GDF6/TNFRSF6B/IL10/IL32/CCL4/TNFSF13B/CXCR3/CCL5/CCR5/IL22RA1/LTA/THPO/CD27/CCR2/GHR/CCR8/TNFSF9/IL2RB/XCL1/INHBA/XCL2/FASLG/CXCL10/CXCL9/IFNG/CCR6/CCL20/EPO/CXCL11/IL20RB/TNFRSF9/CXCL13/IL6/CD70
KIRP_LM_kegg.tsv:hsa04060	Cytokine-cytokine receptor interaction	262	0.492779185513298	1.92722616981965	0.000258598396689941	0.00398061613014884	0.00295390605277472	1785	tags=31%, list=11%, signal=28%	CCL3L3/CCL3L1/CCL4L1/CXCL9/CXCL11/CXCR6/CD40LG/TNF/CXCL3/CXCL10/CCL8/CXCR3/CCL4L2/CX3CR1/CCR2/CCL14/XCL2/CCL5/FASLG/CXCL2/CCR5/CCL22/IL2RB/XCR1/NGF/IL16/CCR4/IL15RA/THPO/NGFR/CCL2/IL2RG/CCR7/IL1B/CSF2RB/TNFRSF11A/CCR3/IL1RL1/CCR6/TNFSF13B/IL3RA/IL7R/CXCR4/CD27/IL21R/ACVR1C/CXCL5/IL12RB1/CSF2RA/LTA/IL18RAP/AMHR2/IFNG/IL1R2/CCL17/CCL16/XCL1/IL10RA/LTB/TNFSF13/TNFRSF17/IL17RE/IL23A/TGFB1/IL17D/IL24/CCL4/INHA/TNFSF4/CCL3/IFNAR2/EPOR/CCL20/TNFRSF4/EPO/ACKR3/CD4/IL2/TNFSF15/CSF1R/TNFSF8/TNFRSF1B
Kidney_LM_kegg.tsv:hsa04060	Cytokine-cytokine receptor interaction	262	0.419402214632546	1.76650645960776	0.000270489586150933	0.00488145048814505	0.00362239052242212	2907	tags=37%, list=17%, signal=31%	CXCL14/IL17RB/CCL20/IL22RA1/XCR1/CCL4L1/CCL15/IL12RB2/INHBE/CCL18/CCR6/CD70/THPO/TNFRSF17/GDF5/BMP5/CCR8/CCR1/PRLR/CSF2/ACKR4/CCR2/CCL23/EDAR/CXCR3/TNFSF10/CCL17/TNFRSF21/TNFRSF19/CXCL1/CD27/TNFRSF11A/CCL21/TNFRSF13B/XCL2/CXCR6/CSF2RB/TNFSF11/IL2RA/IL7R/TNFRSF10A/INHBC/LIF/CCL13/IL10/CD40LG/IL32/CSF1R/TNFSF8/TNFRSF9/LTB/CCR5/IL6R/IL23A/CCR4/CXCL2/GDF7/CLCF1/CCL24/CCL22/CXCL6/BMP3/CXCL5/IL31RA/CXCL13/CNTF/TNFRSF11B/IL2RB/CXCL16/IL12RB1/MPL/TNFSF9/IL10RA/NODAL/CD4/GDF10/CX3CL1/NGFR/CCL4L2/CCL3L1/PPBP/IFNL1/IL20RA/TNF/IL16/TNFRSF12A/IL21R/ACVR1C/ACVR1/CCL14/IFNAR2/CCL25/IL1RL1/IL36B/FAS/BMP2/IL18
LIHC_LM_kegg.tsv:hsa04060	Cytokine-cytokine receptor interaction	262	0.47249477000339	1.81838225361594	0.000218435998252512	0.00917378917378917	0.00731743889638627	2693	tags=35%, list=16%, signal=30%	CCL3L3/CXCL17/TNFRSF13B/CXCL13/TSLP/CCL4L1/CCL3L1/CCL8/IL13/CXCR5/CCL4L2/TNFRSF17/IL21R/CCL17/TNFSF9/CCL13/CXCL10/IL13RA2/TNFRSF11B/CXCL11/CCL16/CXCR3/IFNG/CCL20/XCL1/CCL24/CCR4/IL5RA/CD27/XCR1/CXCR6/LTA/CCR3/CCR2/TNF/OSM/GH1/IL12A/CCL15/IL16/LTB/CSF2/CCL2/IL2RG/CD40LG/CCL22/CCL25/XCL2/CCL5/TNFRSF9/TNFRSF18/IL20RB/CSF3/GDF1/BMP8B/IL12RB1/CCL3/IL17B/IL2RB/CD70/IL21/CD4/TNFSF10/BMP6/IFNL1/CXCL3/TNFRSF19/CCR6/IL23R/TNFRSF8/CCL19/CCL27/CSF2RB/CXCL9/IL1RN/CCL4/PRLR/ACVR1C/CSF1/CX3CR1/TNFSF4/IL7/IL17RB/TNFRSF1B/CSF1R/IL15/CCR1/GDF10/TNFRSF25/CCL1/IL20/INHBA/CXCR4
LUAD_LM_kegg.tsv:hsa04060	Cytokine-cytokine receptor interaction	262	-0.348661893218087	-1.65635424943256	0.000541711809317443	0.0193812447333574	0.0162830333326998	2010	tags=34%, list=12%, signal=31%	CXCL16/LTA/IL18/GDF7/IFNL1/CD70/BMP2/CXCL12/TGFB3/IL36B/IFNAR1/IL17RA/TNFRSF8/CSF3R/IFNAR2/INHBA/CCL1/OSMR/IL33/CCR8/CCL28/CCR5/TNFSF14/TNFRSF21/BMPR2/ACVR1B/CCL4/IFNG/GHR/BMP8B/TGFBR2/IL31RA/IL1RAP/GDF11/TNFSF18/IL27RA/CCL3/IL17RB/TNFSF15/TNFSF4/TNFSF10/IL22RA1/PPBP/IL10/IL27/LEPR/CSF2/CCL18/CXCL5/FASLG/GDF1/IL9R/CXCR1/TGFBR1/GDF10/BMP4/EDA/PRL/CCL2/IL1RN/BMPR1A/FAS/IL6ST/BMPR1B/CXCL11/TNFSF13B/IL36G/IL1B/CCR1/ACKR4/LEP/IL32/IL7/CCL8/CXCR2/IL13RA2/CXCL10/CCL23/CX3CR1/BMP3/AMH/TNFRSF11B/CCL13/CCR2/EDA2R/IL37/CCL7/PRLR/CXCL14
LUSC_LM_kegg.tsv:hsa04060	Cytokine-cytokine receptor interaction	262	-0.381665454873218	-1.6356774863172	0.000586510263929619	0.00843373493975904	0.00700283973422293	2977	tags=39%, list=18%, signal=33%	IL27RA/CSF2/LIFR/IL16/IL17RB/IL17B/TNFSF11/IL17C/IL1RL1/IL6ST/TNFRSF11A/NODAL/CCL25/IFNAR2/GDF1/IL23A/EPOR/PF4V1/CCL23/CCL16/CXCR4/TGFBR2/BMPR2/ACVRL1/PRLR/TNFRSF4/CCL1/CCR10/TNFSF12/CTF1/IL2RA/TNFSF8/CCR4/IL10RA/IL2/IL2RG/IL34/GDF5/IL33/IL12RB1/BMP8A/CD40/TNFSF13/CCR6/CCL2/IL10/IL21R/IL17RA/IL1R1/IL21/CCL4/CD4/CCR5/CCR1/CCL15/CXCR6/TNFSF4/CD40LG/CXCL14/IL2RB/CCL18/GDF3/FASLG/AMHR2/CCL13/TNFSF13B/CD70/CSF2RB/BMPR1A/CCL14/LTA/CCL11/TGFB3/TNFRSF19/CD27/ACKR4/FAS/OSM/EDA2R/CCL17/IL32/CCL7/CCL8/TNF/CCL5/XCR1/BMP4/CX3CR1/CXCL12/TNFRSF17/IFNG/TNFRSF11B/IL9R/CCL19/IL27/CXCR3/CXCL11/LEP/CXCL10/CCR2/CXCL13/CXCL9
Liver_LM_kegg.tsv:hsa04060	Cytokine-cytokine receptor interaction	262	0.50022811667853	1.71985175848166	0.000201979398101394	0.00488589463462005	0.00364166059723234	2382	tags=32%, list=14%, signal=28%	CCL3L3/CCL4L1/CCR6/IL18/CXCR6/CCL24/CSF1R/CXCL10/IL21R/CXCL5/CCL4L2/CCL13/XCR1/IL13RA2/CCR1/CXCL9/IL7R/TNFRSF11A/CD40LG/IL10/IL10RA/CXCL11/CCL7/CCL3L1/CCL17/TNFRSF13C/IL33/BMP6/TGFB2/IL2RG/CCL14/CXCL6/CCR5/LTB/EDA/IL27RA/LEPR/CCL21/CCL15/CCL20/TNF/CXCR3/IL32/CCL22/AMHR2/IL4/CCL23/IL15/IL12RB1/LIFR/IL17D/IL16/CD27/TNFRSF17/IL1B/TNFSF15/EDA2R/CSF2RB/PF4V1/MPL/CTF1/ACVRL1/TNFSF8/CCL5/ACKR4/LEP/CCL26/TNFRSF10A/RELT/TNFRSF25/IL20RB/EDAR/XCL2/IL5RA/TGFB1/CD4/EPO/NGFR/CD40/CXCL16/TNFRSF21/CSF2RA/CCL18/TNFRSF9
Lung_LM_kegg.tsv:hsa04060	Cytokine-cytokine receptor interaction	262	0.285364960334802	1.18715863320001	0.115593834995467	0.337367430721861	0.271305616075769	2958	tags=27%, list=18%, signal=23%	CCL3L3/PF4V1/CCL3L1/CCL4L1/CX3CR1/CXCR5/PRLR/IL37/TNFRSF17/CX3CL1/CSF1R/CCL8/CCL4L2/IL21R/CD40LG/INHA/IL26/CCR6/CXCR3/CSF2/IL34/TNFSF10/CXCL11/IL11/IL36RN/CCL17/CCL22/EPOR/GDF10/INHBE/THPO/CCL25/IL12B/TNFRSF14/IL16/CXCL10/INHBC/IL17RE/IL11RA/CD4/TNFRSF19/CCL15/BMP6/FASLG/MSTN/IL18/CCL5/LTB/TNF/IL17B/IL23A/BMP4/CXCL17/CCL26/CTF1/IL17RC/CD27/TNFSF12/GH2/IL5RA/CCR5/CXCR6/ACVR2A/IL12RB1/TNFRSF11A/GDF15/TNFRSF8/IL3RA/ACVR1C/GDF11/EPO
PRAD_LM_kegg.tsv:hsa04060	Cytokine-cytokine receptor interaction	262	-0.497936704370083	-1.74744524786934	0.000205676676264912	0.00893997445721584	0.00657565953865173	4202	tags=51%, list=25%, signal=39%	TNFRSF8/IL21/IL6ST/IL26/TNFRSF1A/IL7R/CSF2RB/IL1RAP/IL15/XCL2/IL23R/CCR1/IL10RB/PF4V1/GDF7/MPL/XCR1/INHBB/TNFRSF10A/CXCL10/IL18R1/TGFBR2/CNTFR/CRLF2/IL22RA1/IL10RA/CCR6/CSF2/IFNAR2/TNFRSF10B/IL2/FAS/CD70/CCL15/IL20/TNFRSF1B/IFNGR1/IFNL1/CXCL17/OSMR/CXCL12/CCL3/TNFSF9/CCL13/CXCL11/CCR7/XCL1/IL1A/CCR2/LTB/CCL5/CCR5/BMP4/CSF1/IL27RA/IL2RG/IL18RAP/CXCR5/TGFB1/INHBC/FASLG/EDA2R/TSLP/IL2RB/CCL8/IL34/INHBE/OSM/CX3CL1/CTF1/CCL4/CXCR6/IL18/PPBP/TNFRSF10C/IL17B/THPO/BMPR1A/CSF3R/GDF10/GDF15/CCL23/CCL28/CX3CR1/GDF6/TNFRSF21/CCL26/IL17RE/IL1RL2/IL33/CXCL1/IL6R/CCL7/IL10/IL7/LEPR/BMP2/IL1B/IL32/IL13RA2/IFNE/CD40/TNF/CXCL6/TNFRSF11B/TNFRSF10D/CCL19/LIF/IL20RA/TNFSF14/TGFB3/GDF5/CCL11/CCL24/TNFSF15/CXCR1/BMP7/CCL14/IL20RB/PF4/CCL2/IL1R2/IL1RN/NGFR/CXCL5/CXCL3/CSF3/CCL20/CXCR2/IL6/TNFRSF19/CXCL2/EPO
Prostate_LM_kegg.tsv:hsa04060	Cytokine-cytokine receptor interaction	262	0.420267624618888	1.72929476818764	0.000221092195445501	0.0101436491935484	0.00918532470288625	2748	tags=33%, list=16%, signal=28%	CCL3L3/CCL4L1/TNFRSF17/CXCL17/CCL4L2/CCL3L1/CXCL9/TNFRSF13B/BMP3/CXCL6/CD27/CCL20/CXCR3/CXCL10/CCL25/PRLR/CXCR6/IL2RG/CD40LG/PF4V1/CXCL11/TNFSF10/CXCR2/XCR1/CCL5/CCR5/CCR6/IL1RN/CXCL14/CCL18/IL20RB/CCR2/CCL15/CCL13/IL12RB1/EDAR/CCR4/GDF6/CXCL1/IL1B/IL17C/CSF2RB/PF4/IL18/BMP6/TNFRSF11B/IL7R/GDF15/GH1/FASLG/CCL11/MSTN/CXCL2/CCL4/GDF3/IL2RB/IL23R/ACKR4/TNFSF15/TNFRSF21/LTB/BMP2/PRL/LTA/LEP/IL12RB2/CXCR4/IL5/TNFSF8/CCR8/CCL17/IL26/IFNG/CCR3/BMP8A/IL5RA/IL27RA/CCL16/TNF/GDF7/IFNAR1/CXCL3/IL23A/TNFRSF18/GDF11/CSF2RA
STAD_LM_kegg.tsv:hsa04060	Cytokine-cytokine receptor interaction	262	-0.477316581963858	-1.58999573749492	0.000200682319887618	0.00364665911664779	0.00220540025034273	2977	tags=40%, list=18%, signal=33%	LTA/BMP6/IL18RAP/IFNL1/BMPR2/EPOR/CXCL13/IL6R/CXCR4/CCL13/BMP8A/IL6/CXCR3/CCR9/CSF2RB/IL2RB/TNFSF12/CXCL12/CCR10/OSM/FAS/IFNG/GDF5/IL2RA/CCR7/CD70/IL27/CD4/CCL5/CCR4/TNFSF18/IL11RA/CD40LG/CCL22/IL13/CCR8/CCR1/CCL4L1/LIFR/IL6ST/IL7R/GDF1/CCL2/GDF3/CCL3/CXCL11/TNFSF14/CCL18/IL9R/CCL4/TSLP/TNFSF13B/TNFSF9/ACKR4/GDF7/TNFSF4/CCL24/GH1/IL21/CCL8/TGFBR1/AMH/LEPR/IL16/EDA2R/IL1R1/CSF3R/CCL26/IL1RL1/LEP/CXCL9/TNFSF8/BMP3/CXCL10/IL1RN/TNFRSF13B/TGFB3/CD27/CXCR2/TNFRSF17/IL5RA/BMPR1A/IL10RA/INHBA/GHR/CX3CR1/CSF1R/CCR5/TNFRSF13C/IFNE/CXCR1/NGFR/IL33/CCL11/CCL14/IL10/CCL7/XCR1/NGF/CCL21/GDF6/GDF10/CCR2/CCL19
Stomach_LM_kegg.tsv:hsa04060	Cytokine-cytokine receptor interaction	262	0.325870580065774	1.43251832576869	0.00147492625368732	0.0678466076696165	0.0634329185796349	1886	tags=24%, list=11%, signal=22%	CCL15/CCL4L1/CCL3L3/CCL4L2/PF4V1/CCR6/CCL3L1/XCL2/IL1B/BMP3/XCR1/BMPR1B/IL17C/IL1A/BMP5/CSF1R/CCL25/IFNL1/CCL3/IL36B/CNTFR/ACKR4/EDAR/GHR/CCL22/MPL/CCR3/TNFRSF17/TNFRSF18/CXCL14/CXCR6/TNFRSF13B/IL1RN/CCR9/AMHR2/CCL28/CCL4/CSF2RB/CXCL10/IL23A/IL31RA/IL5/BMP2/IL26/IL6R/CCL8/PRLR/CCR8/CCL5/FASLG/ACVR2A/BMP8A/IL17F/IL2/NODAL/CCL20/IL9R/IL2RG/CD27/IL18/CCL17/INHA/XCL1
TCGA_LM_kegg.tsv:hsa04060	Cytokine-cytokine receptor interaction	262	-0.288563389765956	-1.33307621670804	0.0171738475444411	0.120216932811088	0.0990345441922004	2833	tags=27%, list=17%, signal=23%	TNFSF14/CXCL9/CNTF/CSF1/CCR5/ACKR4/TGFB2/TGFBR1/GDF3/CD40/AMH/CCL2/CSF3R/TNFSF4/TNFSF13B/IL1RN/IL17RA/CXCL11/CCL11/FASLG/IL13RA2/IL1RAP/GDF6/NGFR/IL13RA1/CXCR1/GDF10/IL10/CCL19/CCL13/CCL14/CCL3/LIFR/CCL23/IL32/FAS/TGFBR2/IL1B/CCL21/CCL4/BMPR2/IL6/CCR1/CXCL12/OSMR/TNFSF18/CXCR2/IL20/IL33/CCR2/TNFSF10/LEPR/CXCL14/IL9R/GHR/BMPR1A/TGFB3/INHBA/LEP/THPO/IL20RA/PRLR/CX3CR1/BMP4/EDA2R/CD70/TNFRSF11B/IL6ST/BMPR1B
THCA_LM_kegg.tsv:hsa04060	Cytokine-cytokine receptor interaction	262	-0.632608267266745	-1.98609493925458	0.000202183582693085	0.002545535036681	0.0021469370364946	2323	tags=44%, list=14%, signal=38%	IL12B/IL20RA/CCR9/BMP6/EDA2R/IL12A/IL27/CSF1R/TNFSF18/BMP5/CD40/TNFRSF11B/CD4/CXCR2/IL1RL2/LIF/IL10/TNFRSF9/IL7/GDF15/CXCL5/THPO/NGF/IL22RA1/CCL4L2/CXCL1/CXCR6/IL10RA/IL5RA/CSF1/TNFSF10/TNFSF8/XCR1/TNFRSF11A/IL24/CNTF/IL9R/CSF3R/TNFSF15/IL18R1/IFNG/BMP7/CCR4/IL2RA/EDAR/CSF2RB/CXCR3/CSF2/CCL20/TNFSF9/IL27RA/IL12RB1/TNFSF13B/IL1R2/IL36RN/CXCL12/CCL8/XCL1/CCR5/CXCL2/CCR1/FASLG/IL16/CCL22/IFNE/IL7R/CCL23/CD70/TNFSF11/IL21R/IL1RN/IL1RL1/IL2RG/IL18RAP/LTA/CCL5/CCR2/BMP4/CCL26/TNFRSF21/TNFRSF13B/IL33/CX3CR1/CCL7/CD40LG/CCR7/IL6/IL2RB/CCL24/CCL13/TNFRSF17/CRLF2/TNFRSF13C/TNF/TSLP/GDF10/TNFSF14/IL1B/CXCL17/CCL4/IL32/NGFR/LTB/CCL3/CXCR5/CXCL11/CCL2/XCL2/CCL18/CXCL10/CXCL9/CXCL13/CCL19/CCL21
Thyroid_LM_kegg.tsv:hsa04060	Cytokine-cytokine receptor interaction	262	-0.329847136652894	-1.32973561106956	0.0175090849025438	0.177660617949975	0.155068273921685	1690	tags=26%, list=10%, signal=24%	IL12RB2/IL10/IL12A/IFNG/CXCL10/INHBA/CXCL3/AMHR2/BMP4/TNFRSF21/IL31RA/IL2RB/LIF/IL1R1/IL20RB/CSF2RB/IL4R/CLCF1/TGFB3/CXCL11/CXCL17/IL1RAP/IL18RAP/TNFSF13B/AMH/CXCL9/TSLP/INHBE/TNFSF14/BMP7/TNFRSF9/CCL19/CSF3/IL17RB/FASLG/TNFRSF10B/TNFSF11/FAS/CCL23/IL1RL2/TNFRSF13B/CCR7/CD70/PRL/TNFRSF10D/IL18/IL15/TNFRSF19/TNFRSF12A/IL33/CCL22/GDF15/INHBB/TNFRSF8/CCL24/CCL25/TNFRSF18/LTA/IL1RN/IL17B/IL13RA2/IL32/TNFSF15/IL18R1/CCL20/CXCR5/IL1RL1
UCEC_LM_kegg.tsv:hsa04060	Cytokine-cytokine receptor interaction	262	0.466275662497367	1.72491340242494	0.000212494687632809	0.00420343585191374	0.0032978901747607	2002	tags=31%, list=12%, signal=27%	CXCL17/BMPR1B/GDF5/CSF3/CCL3L1/CCL15/CXCL13/IL2/TNFSF10/PRLR/CXCL5/CCL3L3/CCL4L1/IL5RA/XCL2/CXCL10/IL33/CXCR6/LTB/CXCL9/XCL1/TNFRSF19/IL20RA/TNFRSF17/IL24/IFNG/CCL21/CCL19/CCR6/IL21R/CCL24/CCL14/TNFRSF13B/ACKR4/CD40LG/CXCR3/CCL20/TNFRSF11A/INHBB/CXCL2/TNFRSF14/BMP3/IL2RG/CX3CR1/GDF3/EDAR/EDA/TNFRSF1B/CSF2RA/CD27/FASLG/IL7/CSF2RB/IL18R1/CTF1/TGFB2/IL16/IL2RA/CSF1R/IL15/IL1R1/CCR5/CX3CL1/LTA/CD4/NGF/CCL4L2/TNFSF8/CCR4/TNFSF14/CCL4/CXCL3/IL31RA/IL34/CCR7/CCL5/IL2RB/IL12RB1/CCL25/IL3RA
UCS_LM_kegg.tsv:hsa04060	Cytokine-cytokine receptor interaction	262	0.324457476539859	1.52869147563041	0.00117508813160987	0.0630630630630631	0.0585482507679304	1405	tags=21%, list=8%, signal=20%	CCL3L3/CCL3L1/CCL19/CCL4L1/TNFRSF17/CCL4L2/PPBP/CD70/ACKR4/CXCL9/TNFRSF13B/CNTFR/CXCL10/CCL18/LTA/XCL2/THPO/CCR6/CCL25/TNFRSF13C/CCL4/CXCL11/CD27/GDF1/CCL3/GDF9/TGFB2/EDA2R/IL23R/CCL23/CXCR5/CXCL13/CXCR6/IL27RA/LEPR/IFNG/CCR4/CXCR3/IL20RB/TNFSF12/CCL2/IL37/TNFSF9/CCR3/IL18R1/CCR5/CXCL12/IL34/IL10RA/CTF1/CCL5/CCR10/GDF10/IL23A/CCL11
Uterus_LM_kegg.tsv:hsa04060	Cytokine-cytokine receptor interaction	262	0.374908211621617	1.5028936420143	0.000486854917234664	0.0167655940851817	0.0140855105586522	3576	tags=38%, list=21%, signal=30%	CCL3L3/CCL22/CXCR3/GDF5/XCL2/CCL7/CXCL14/CCL4L2/TNFRSF17/CCL17/CCL11/IL12RB1/CSF1R/CCR5/IL17B/CD4/CCL5/IL10/CCR1/INHBE/TNFRSF11A/IL12RB2/IL10RA/CD27/NGFR/IL24/CX3CR1/TNFRSF13B/CXCL9/CCL13/IL6/CXCR2/TGFB2/IL7R/GDF10/ACKR4/IL17C/CD40LG/IL5RA/CXCR6/XCR1/BMP8A/IL16/MSTN/IL2RG/CXCL10/GDF6/BMPR1B/CXCR1/BMP5/LIF/BMP3/CSF2RA/CCL18/TGFBR1/IL1RL1/IL27/TNFRSF12A/TNFRSF18/TNFSF13B/CXCL13/INHA/TGFB3/NGF/CCR4/CCL1/ACKR3/GDF11/IL18/IL2RA/CXCR4/IL17D/CSF1/CCL19/INHBA/TNFSF8/OSM/LTB/BMP7/CCL8/IL23A/ACVR2A/TGFB1/CSF3R/IL17RB/IL13/CSF2RB/ACVR1/IL2RB/IL1RN/NODAL/CCL2/IL11RA/IFNA5/CCR2/CD70/TNFRSF4/TNFRSF21/IL1R1
